{
  "project_info": {
    "project_number": "1012403360923",
    "firebase_url": "https://tinder-ec581-default-rtdb.asia-southeast1.firebasedatabase.app",
    "project_id": "tinder-ec581",
    "storage_bucket": "tinder-ec581.appspot.com"
  },
  "client": [
    {
      "client_info": {
        "mobilesdk_app_id": "1:1012403360923:android:777327f40b1b7bf37c623e",
        "android_client_info": {
          "package_name": "com.example.tinder"
        }
      },
      "oauth_client": [
        {
          "client_id": "1012403360923-e2b8f2ep4til82cjici57gieaeujuvh8.apps.googleusercontent.com",
          "client_type": 3
        }
      ],
      "api_key": [
        {
          "current_key": "AIzaSyBlqMwkGES_hYrPbFDviPdpWDb6B0EH8CA"
        }
      ],
      "services": {
        "appinvite_service": {
          "other_platform_oauth_client": [
            {
              "client_id": "1012403360923-e2b8f2ep4til82cjici57gieaeujuvh8.apps.googleusercontent.com",
              "client_type": 3
            }
          ]
        }
      }
    }
  ],
  "configuration_version": "1"
}